SNo,Organization,Website
1,Indian Institute of Technology (IIT) Gandhi Nagar,http://www.iitgn.ac.in/
2,Indian Institute of Technology (IIT) Bhubaneshwar,http://www.iitbbs.ac.in/
3,Indian Institute of Technology (IIT) Madras,http://www.iitm.ac.in/
4,Indian Institute of Technology (IIT) Guwahati,http://www.iitg.ernet.in/
5,Indian Institute of Technology (IIT) Indore,http://www.iiti.ac.in/
6,Indian Institute of Technology (IIT) Kanpur,http://www.iitk.ac.in/
7,Indian Institute of Technology (IIT) Jodhpur,No website
8,Indian Institute of Technology (IIT) Kharagpur,http://www.iitkgp.ac.in/
9,Indian Institute of Technology (IIT) Hyderabad,http://www.iith.ac.in
10,Indian Institute of Technology (IIT) Mumbai,http://www.iitb.ac.in/
11,Indian Institute of Technology (IIT) Patna,http://www.iitp.ac.in/
12,Indian Institute of Technology (IIT) Delhi,http://www.iitd.ac.in/
