Organization,Website
Indian Institute of Technology (IIT) Gandhi Nagar,http://www.iitgn.ac.in/
Indian Institute of Technology (IIT) Bhubaneshwar,http://www.iitbbs.ac.in/
Indian Institute of Technology (IIT) Madras,http://www.iitm.ac.in/
Indian Institute of Technology (IIT) Guwahati,http://www.iitg.ernet.in/
Indian Institute of Technology (IIT) Indore,http://www.iiti.ac.in/
Indian Institute of Technology (IIT) Kanpur,http://www.iitk.ac.in/
Indian Institute of Technology (IIT) Jodhpur,No website
Indian Institute of Technology (IIT) Kharagpur,http://www.iitkgp.ac.in/
Indian Institute of Technology (IIT) Hyderabad,http://www.iith.ac.in
Indian Institute of Technology (IIT) Mumbai,http://www.iitb.ac.in/
Indian Institute of Technology (IIT) Patna,http://www.iitp.ac.in/
Indian Institute of Technology (IIT) Delhi,http://www.iitd.ac.in/
Indian Institute of Technology (IIT) Ropar,http://www.iitrpr.ac.in/
Indian Institute of Technology (IIT) Mandi,http://www.iitmandi.ac.in/
Indian Institute of Technology (IIT) Roorkee,https://www.iitr.ac.in
Indian Institute of Technology (Banaras Hindu University) Varanasi,http://iitbhu.ac.in
Indian Institute of Technology (IIT) Jammu,http://iitjammu.ac.in
Indian Institute of Technology (IIT) Palakkad,http://iitpkd.ac.in
Indian Institute of Technology (IIT) Tirupati,http://iittp.ac.in/
Indian Institute of Technology (IIT) Goa,http://www.iitgoa.ac.in
Indian Institute of Technology (IIT) Bhilai,https://www.iitbhilai.ac.in/
Indian Institute of Technology (IIT) Dharwad,http://www.iitdh.ac.in/
Indian Institute of Technology (Indian School of Mines) Dhanbad,http://iitism.ac.in/
